manager_id;xp_id;site_location;country;latitude;longitude;elevation;tarping_date;planned_duration;goals;restoration;operation_type;multiple_ops;freq_monitoring;slope;difficulty_access;shade;forest;ruggedness;granulometry;obstacles;flood;environment;fabric_type;liner_geomem;agri_geomem;woven_geotex;mulching_geotex;pla_geotex;weedsp_geotex;other_unknown;grammage;thickness;resi_punc;resi_trac;season;maxveg;preparation;levelling;stand_surface;age;fully_tarped;distance;multi_strips;strips_overlap;strips_fixation;staples_distance;fabric_fixation;tarpfix_multimethod;sedicover_height;trench;trench_depth;pierced_tarpinstall;plantation;repairs;add_control;add_control_type;degradation;pb_fixation;pb_durability;pb_trampiercing;pb_vandalism;regrowth_during;reg_staples;reg_stripoverlaps;reg_obstacles;reg_holes;reg_plantations;reg_pierced;reg_edges;reg_nearby;untarped_regrowth;tarping_abandoned;tarping_completed;tarping_ongoing;tarping_duration;latest_condition;latest_regrowth;latest_months;eff_expansion;eff_dispersal;eff_vigour;eff_eradication
1;2;Chalon s/ Saone;france;46.786;4.833;178;2017;10;eradicate_and_limit_expansion_vigour;0;research_trial;0;3;1;3;5;4;2;2;0;0;wasteland_railway;weed_geotex;0;0;0;0;0;1;0;240;0.64;550;18;summer;1;excavation;1;6;2;1;1;0;NA;NA;NA;trench_and_sedicover;1;10;1;40;0;0;0;0;none;1;0;0;1;0;1;0;0;0;0;0;1;0;0;NA;0;0;1;4;good;tarpedarea;01/09/2020;5;8;6;0
1;3;Chalon s/ Saone;france;46.788;4.831;180;2018;10;vigour;0;research_trial;1;3;0;0;1;1;2;2;1;0;wasteland_railway;weed_geotex;0;0;0;0;0;1;0;245;0.65;555;18.5;spring;0;excavation;1;32.5;3;0;0;1;25;tape;NA;trench_and_sedicover;1;10;1;10;0;0;0;0;none;1;0;0;1;0;1;0;1;0;0;0;1;1;0;NA;0;0;1;3;good;tarpedarea_edges;01/09/2020;NA;NA;NA;NA
2;4;saone et loire. moux en morvan;france;47.172;4.153;488;2012;NA;eradicate;1;management_trial;1;4;10;0;5;5;7;10;2;10;roadside_riverside;woven_geotex;0;0;1;0;0;0;1;NA;NA;NA;NA;spring;0;mowing;0;10;2;1;1;1;NA;staples;100;staples_and_plantations;1;0;1;10;0;2;0;1;uprooting;0;0;0;0;0;1;1;0;0;0;0;0;1;0;NA;0;0;1;9;good;NA;01/08/2020;6;9;9;0
3;5;MERVILLE / BAILLEUL;france;50.643;2.639;18;2015;99;eradicate;1;management_trial;0;3;8;1;2;2;2;5;0;8;roadside_riverside;unknown_geomem;NA;NA;0;0;0;0;1;NA;NA;NA;NA;NA;0;mowing;0;60;2;1;5;1;5;tape_and_staples;100;staples_and_plantations;1;0;0;0;0;2;1;1;uprooting_and_mowing;0;0;0;0;0;1;1;0;0;0;1;0;0;0;NA;0;0;1;5;NA;NA;NA;NA;NA;NA;0
4;6;CREPOL (26 350);france;45.174;5.071;295;2008;99;eradicate_and_limit_expansion;0;management_trial;0;3;1;2;8;3;3;10;0;3;riverside;agri_geomem;0;1;0;0;0;0;0;NA;NA;NA;NA;summer;1;uprooting;1;15;2;1;1;1;15;refold;NA;trench_and_sedicover;1;55;1;50;0;0;0;NA;NA;0;0;0;0;0;0;0;0;0;0;0;0;0;0;NA;0;0;1;12;NA;none;01/08/2020;10;10;10;1
5;7;Sur plusieurs site du Département en bordure de Routes départementales;france;48.079;6.883;655;2017;3;limit_expansion_and_limit_dispersal_and_vigour;0;management_trial;1;2;4;1;4;5;1;7;1;0;roadside;agri_geomem;0;1;0;0;0;0;0;NA;NA;NA;NA;NA;0;none;0;8;1;1;0.5;1;40;staples;25;sedicover_and_staples;1;10;0;0;3;0;1;1;mowing;1;0;0;1;0;1;1;1;0;1;0;0;0;0;tarpedarea_and_edges;0;1;0;1;bad;tarpedarea_edges_nearby;01/05/2020;5;8;2;0
6;8;Sens (89);france;48.200;3.283;72;2018;3;eradicate;0;management_trial;0;3;0;0;0;0;0;3;0;0;roadside;construction_geomem;0;0;0;0;0;0;1;NA;0.16;NA;19;winter;0;mowing;1;3;1;0;2;1;150;overlap;NA;trench_and_sedicover;0;0;1;10;0;0;1;1;uprooting;1;0;0;0;1;1;0;0;0;0;0;0;1;0;NA;0;0;1;3;good;edges;01/10/2020;5;7;7;0
7;9;Arles sur Tech / Pyrénées orientales;france;42.454;2.637;271;2015;3;eradicate_and_limit_dispersal;0;management_trial;0;1;6;3;5;9;6;6;6;0;roadside;agri_geomem;0;1;0;0;0;0;0;NA;NA;NA;NA;winter;0;uprooting;1;10;3;1;1;1;50;heavyobj_and_staples;60;heavyobj_and_trench;1;0;1;10;2;0;0;1;uprooting;0;0;0;0;0;1;0;0;0;0;0;0;1;0;none;0;1;0;3;good;none;01/07/2020;8;10;10;1
8;10;Orcival (63);france;45.683;2.840;908;2015;12;eradicate;0;management_trial;0;10;9;0;2;4;7;10;2;0;parking_lot;agri_geomem;0;1;0;0;0;0;0;290;NA;NA;NA;autumn;0;none;0;100;3;1;0.75;1;35;staples;6;heavyobj_and_trench;1;0;1;50;0;0;0;1;mowing;0;0;0;0;0;0;0;0;0;0;0;0;0;0;NA;0;0;1;5;good;few_edges;01/06/2020;8;8;8;0
9;11;Ooessant. Finistère;france;48.457;-5.097;14;2016;5;eradicate_and_limit_expansion_and_limit_dispersal;0;management_trial;0;3;0;0;0;0;5;7;3;5;roadside;agri_geomem;0;1;0;0;0;0;0;NA;0.115;3;20;spring;0;none;1;300;2;1;1;1;10;staples;100;staples_and_trench_and_sedicover;1;3;1;15;3;0;1;1;uprooting;1;1;0;0;0;1;0;0;0;0;0;0;1;0;NA;0;0;1;5;good;edges;01/09/2020;5;6;8;0
10;12;Sequedin (59);france;50.623;2.988;23;2015;5;eradicate;1;research_trial;0;3;0;1;1;3;3;6;1;0;urban_park;pla_geotex;0;0;1;0;1;1;0;130;NA;NA;7.5;autumn;0;mowing;1;9;2;1;2;1;50;heavyobj_and_staples;80;trench_and_sedicover;1;0;1;50;0;0;NA;NA;NA;1;0;0;1;0;0;0;0;0;0;0;0;0;0;NA;0;1;0;5;bad;nearby;01/04/2019;9;8;10;1
11;13;LA TERRASSE SUR DORLAY dans le 42 (loire);france;45.447;4.583;457;2014;3;eradicate_and_limit_expansion_and_limit_dispersal;0;management_trial;0;3;9;8;7;1;5;5;1;2;riverside;agri_geomem;0;1;0;0;0;0;0;NA;0.15;2.2;18;summer;1;mowing;0;305;3;1;NA;1;30;tape_and_staples;3;staples_and_heavyobj_and_trench;1;0;1;25;1;0;1;0;NA;1;1;0;0;0;0;0;0;0;0;0;0;0;0;none;0;1;0;3;bad;none;01/09/2020;8;9;10;1
12;14;Laguiole. 12;france;44.683;2.846;994;2013;10;eradicate_and_limit_expansion_and_limit_dispersal;0;management_trial;0;1;5;5;5;4;6;8;0;0;roadside;liner_geomem;1;0;0;0;0;0;0;NA;0.8;NA;15;autumn;0;uprooting;1;300;2;0;1;1;20;glu;NA;heavyobj_and_trench_and_sedicover;1;15;1;15;0;0;1;1;uprooting;0;0;0;0;0;1;0;1;0;0;0;0;1;0;NA;0;1;0;4;good;edges;01/07/2020;7;9;8;0
13;15;Estouy - Loiret (45);france;48.186;2.326;113;2016;99;eradicate;0;management_trial;0;2;0;0;2;2;0;0;0;7;wetland;agri_geomem;0;1;0;0;0;0;0;NA;NA;NA;NA;autumn;0;excavation;0;300;1;1;2;1;NA;NA;NA;sedicover;0;25;0;0;0;0;0;1;uprooting_and_mowing;1;0;0;1;0;1;0;0;0;1;0;0;0;0;NA;0;0;1;4;bad;tarpedarea;01/06/2020;7.5;7.5;8;0
14;16;Cour Cheverny - Loir et Cher;france;47.509;1.458;84;2005;3;eradicate;1;management_trial;0;2;9;9;2;0;6;4;3;10;riverside;mulching_geotex;0;0;1;1;0;0;0;1400;10;NA;NA;summer;1;uprooting;0;50;2;1;0.5;1;20;staples;50;wire_and_staples_and_sedicover;1;0;1;20;0;1;1;0;uprooting;1;0;1;0;0;1;1;1;1;0;0;0;0;0;NA;0;1;0;2;destroyed;NA;01/07/2020;1;4;5;0
15;17;Yffiniac (22 Côtes d'Armor);france;48.485;-2.677;11;2015;99;eradicate;1;management_trial;0;5;7;2;4;4;6;6;5;2;roadside_riverside;unknown_geotex;0;0;1;NA;NA;NA;1;NA;NA;NA;NA;summer;1;excavation;0;35;2;1;0.5;0;NA;NA;150;staples_and_plantations;1;0;0;0;1;2;0;1;uprooting;0;0;0;0;0;1;0;1;1;0;0;0;1;0;NA;0;0;1;5;good;edges;01/06/2020;5;5;8;0
16;18;Harfleur 76 Seine maritime;france;49.508;0.200;5;2014;1;eradicate;0;management_trial;0;3;7;8;4;4;5;5;3;7;riverside;weed_geotex;0;0;0;0;0;1;0;275;0.8;2550;14;summer;1;uprooting;0;225;2;1;0;1;15;staples;50;staples_and_trench;1;0;1;100;1;0;0;1;uprooting;0;0;0;0;0;1;1;1;0;0;0;0;1;0;edges;0;1;0;2;good;tarpedarea_edges;01/08/2020;4;5;10;0
17;20;Annemasse (Haute-Savoie);france;46.193;6.234;435;2020;5;limit_expansion_and_limit_dispersal;0;management_trial;0;3;10;0;5;2;0;6;2;0;roadside_railway;unknown_geotex;0;0;NA;0;0;0;1;NA;NA;NA;NA;winter;0;mowing;1;245;2;1;2;1;NA;heavyobj;NA;heavyobj_and_trench;1;0;1;20;0;0;1;NA;NA;1;0;1;0;0;1;0;0;0;0;0;0;1;0;NA;0;0;1;1;NA;NA;NA;NA;NA;NA;NA
18;21;Rigny-Ussé - Indre-et-Loire;france;47.251;0.296;39;2018;2;eradicate_and_limit_dispersal;0;management_trial;0;3;7;0;6;6;4;4;0;4;riverside;mulching_geotex;0;0;1;1;0;0;0;550;5;NA;NA;winter;0;excavation;0;100;2;0;1;1;NA;overlap;55;staples_and_wire;0;0;0;0;0;0;1;1;uprooting;1;1;0;0;0;1;0;0;0;1;0;1;1;1;NA;0;0;1;3;good;tarpedarea_edges;03/12/2020;7;10;8;0
19;22;Combourg 35;france;48.410;-1.752;56;2009;3;limit_expansion;0;management_trial;1;0;3;1;5;2;7;6;7;0;roadside_wasteland;agri_geomem;0;1;0;0;0;0;0;NA;NA;NA;NA;autumn;0;uprooting;0;50;2;1;0;1;30;NA;NA;heavyobj;0;0;0;0;1;0;0;0;none;0;0;0;0;0;1;0;1;0;1;1;0;1;1;NA;0;1;0;8;good;edges;01/10/2020;1;1;4;0
20;23;Douy / Eure et Loir;france;48.035;1.272;103;2014;3;limit_expansion_and_limit_dispersal;1;management_trial;0;5;2;2;2;3;2;5;2;2;wetland;liner_geomem;1;0;0;0;0;0;0;NA;0.8;NA;15;winter;0;uprooting;1;50;2;1;0.5;1;100;tape_and_staples;50;trench_and_sedicover;1;NA;1;50;0;1;0;1;uprooting;0;0;0;0;0;1;0;0;0;0;0;0;1;0;NA;0;1;0;3;bad;tarpedarea_edges;01/06/2018;4;5;6;0
20;24;Chateaudun / Eure et Loir;france;48.070;1.328;143;2015;NA;limit_expansion_and_limit_dispersal;1;management_trial;0;3;7;1;1;1;8;5;7;8;riverside;liner_geomem;1;0;0;0;0;0;0;NA;0.8;NA;15;winter;0;uprooting;1;30;2;1;0.3;0;NA;NA;NA;heavyobj_and_trench_and_sedicover;1;50;1;50;0;1;1;1;uprooting;1;0;1;1;0;1;0;0;0;0;0;0;1;0;tarpedarea_edges;0;1;0;2;bad;tarpedarea_edges;01/06/2018;3;5;6;0
21;25;Jonchery sur vesle;france;49.287;3.813;85;2012;5;eradicate;1;management_trial;0;3;2;0;7;9;3;3;0;10;riverside;unknown_geotex;0;0;1;0;0;0;1;NA;NA;NA;NA;spring;0;mowing;0;40;2;1;1;1;50;staples;100;trench_and_plantations;1;0;1;55;0;2;0;1;uprooting_and_mowing;1;0;0;1;0;1;0;0;0;0;0;0;1;0;tarpedarea_edges_nearby;0;1;0;5;good;none;01/07/2018;10;10;10;1
22;26;commune de la bourboule - puy-de-dôme;france;45.587;2.739;856;2006;2;limit_expansion;0;management_trial;1;0;4;0;3;6;3;NA;NA;3;roadside;unknown_geotex;0;0;1;0;0;0;1;NA;NA;NA;NA;NA;0;uprooting;0;360;3;1;NA;1;NA;NA;NA;trench;0;0;1;30;NA;0;0;0;none;NA;NA;NA;NA;NA;NA;0;0;0;0;0;0;0;0;none;0;1;0;3;NA;none;NA;10;8;8;1
23;27;Vignieu Isère;france;45.628;5.424;288;2020;2;eradicate_and_limit_expansion_and_limit_dispersal_and_vigour;0;management_trial;0;1;7;1;5;2;5;5;0;0;wetland;agri_geomem;0;1;0;0;0;0;0;250;NA;NA;NA;autumn;0;uprooting;0;10;1;1;2;0;NA;NA;100;staples_and_trench;1;0;1;20;0;0;NA;NA;NA;NA;NA;NA;NA;NA;NA;0;0;0;0;0;0;0;0;NA;0;0;1;0.5;NA;NA;NA;NA;NA;NA;NA
24;28;Ploubazlanec ( 22 );france;48.802;-3.030;56;2020;NA;limit_expansion_and_limit_dispersal;0;management_trial;0;7;8;2;2;4;5;6;0;3;roadside_urban_park;woven_geotex;0;0;1;1;0;0;1;130;NA;NA;NA;winter;0;excavation;1;500;3;1;2;1;100;staples;200;staples_and_trench;1;0;1;30;1;0;0;1;uprooting;0;0;0;0;0;1;1;0;0;0;0;0;0;0;NA;0;0;1;1;NA;NA;NA;NA;NA;NA;NA
25;29;rochetoir/Cessieu (38);france;45.568;5.378;317;2017;4;limit_expansion_and_limit_dispersal_and_vigour;0;management_trial;0;3;8;1;3;7;7;6;6;5;wasteland_wetland;weed_geotex;0;0;0;0;0;1;0;240;0.64;550;18;spring;0;mowing;0;450;2;0;1;1;50;glu_and_staples;30;heavyobj_and_trench;1;0;1;50;NA;0;0;1;uprooting_and_mowing_and_crushingshoots;0;0;0;0;0;1;0;0;1;0;1;0;1;0;NA;0;0;1;3;good;edges;01/10/2020;4;3;8;0
26;30;St Cosme en Vairais;france;48.273;0.459;83;2015;5;eradicate_and_limit_expansion;0;management_trial;1;3;2;2;8;1;5;5;2;0;roadside;mixed;0;1;0;0;0;0;1;250;NA;NA;NA;autumn;0;mowing;0;20;2;1;2;0;NA;NA;NA;trench;0;0;1;15;0;0;0;1;crushingshoots_and_uprooting;0;0;0;0;0;0;0;0;0;0;0;0;0;0;none;0;1;0;5;bad;none;01/09/2020;10;10;10;1
27;31;Lac de Save (Arandon-Passins);france;45.703;5.449;216;2018;3;eradicate;0;management_trial;1;1;1;0;2;0;3;7;0;0;grassland;woven_geotex;0;0;1;NA;0;0;1;NA;NA;NA;NA;NA;0;none;0;75;3;1;2;1;60;staples;100;staples;0;0;0;0;3;0;1;1;crushingshoots;0;0;0;0;0;1;1;0;1;0;0;0;1;0;NA;0;0;1;2;good;edges;01/10/2020;8;8;8;0
28;32;Crépieux la pape;france;45.804;4.892;172;2019;5;limit_expansion_and_vigour;0;management_trial;0;1;2;3;4;1;7;8;4;1;railway;weed_geotex;0;0;0;0;0;1;0;240;0.64;550;18;winter;0;mowing;1;5000;2;1;2;1;30;glu;NA;heavyobj_and_staples;1;0;0;0;1;0;1;1;mowing;NA;NA;NA;NA;NA;1;1;1;1;1;0;0;0;1;NA;0;0;1;2;bad;edges;01/09/2020;6;7;8;0
29;33;Montceau les Mines (71300);france;46.674;4.363;284;2009;99;eradicate_and_limit_expansion;1;management_trial;0;2;2;5;5;5;5;5;6;8;riverside;woven_geotex;0;0;1;NA;0;0;1;140;NA;NA;NA;autumn;0;excavation;1;2000;3;1;1;1;100;staples;80;trench_and_plantations;1;0;1;40;1;2;0;1;crushingshoots_and_uprooting;0;0;0;0;0;1;1;0;0;0;1;0;0;0;NA;0;0;1;11;NA;few_tarpedarea;01/06/2019;8.5;8.5;9;0
30;34;commune de Jarnosse (Loire) sur la rivière le Jarnossin ;france;46.112;4.228;358;2018;NA;eradicate_and_limit_expansion_and_limit_dispersal;0;management_trial;0;3;5;5;5;5;6;8;5;5;riverside;agri_geomem;0;1;0;0;0;0;0;500;4;NA;NA;summer;1;none;0;140;3;1;1.5;1;NA;NA;NA;trench;0;0;1;25;0;0;1;1;mowing;0;0;0;0;0;0;0;0;0;0;0;0;0;0;NA;0;0;1;3;good;edges;01/07/2020;8;5;8;0
31;35;La Chappelle en Valgaudémar (05);france;44.817;6.195;1090;2013;5;eradicate_and_limit_expansion;1;management_trial;0;5;2;0;5;3;2;2;0;1;grassland;unknown_geomem;NA;NA;0;0;0;0;1;NA;NA;NA;NA;spring;0;mowing;0;50;2;1;0.5;1;NA;heavyobj;NA;heavyobj;0;0;0;0;0;1;1;1;uprooting;1;0;0;0;0;1;0;0;0;0;0;0;0;0;none;0;1;0;5;good;none;01/08/2018;10;10;10;1
32;36;"Département de la Haute Garonne; commune de Saint Laurent";france;43.326;0.800;221;2017;3;eradicate_and_limit_dispersal;0;management_trial;0;2;5;0;3;2;3;2;2;8;roadside_riverside;woven_geotex;0;0;1;NA;0;0;1;130;NA;NA;NA;summer;1;mowing;0;1000;3;1;2;1;30;wired_stakes;100;wired_stakes;0;0;0;0;0;0;1;1;uprooting;1;1;0;0;0;1;1;0;0;0;0;0;0;0;NA;0;1;0;3;good;few_tarpedarea;01/09/2020;9;8;9;0
33;37;80120 Fort Mahon Plage;france;50.341;1.567;8;2009;NA;limit_expansion_and_limit_dispersal_and_vigour;0;management_trial;0;8;2;5;1;1;4;0;2;1;sand_dune;woven_geotex;0;0;1;NA;0;0;1;220;0.5;NA;NA;NA;0;none;0;100;2;1;1.5;1;50;backfill;50;heavyobj_and_backfill;1;0;0;0;1;0;1;1;uprooting;1;1;0;1;1;1;0;1;1;1;0;0;1;0;NA;0;1;0;1.5;destroyed;tarpedarea_edges;01/10/2020;3;7;8;0
34;38;Obernai;france;48.462;7.482;184;2011;3;limit_expansion;1;management_trial;0;3;8;2;0;7;9;5;7;8;riverside;mixed;0;0;1;1;0;0;1;NA;NA;NA;NA;autumn;0;uprooting;1;50;2;0;0;1;NA;geotex_and_staples;100;geotex_and_trench_and_sedicover_and_plantations;1;5;1;20;8;2;1;1;crushingshoots_and_uprooting;1;0;1;0;0;1;0;0;0;1;1;0;0;0;NA;0;1;0;3;bad;tarpedarea_edges;NA;2;2;4;0
35;39;Arlon (Belgique);belgium;49.683;5.817;415;2017;5;eradicate_and_limit_expansion;0;management_trial;0;2;7;1;3;0;1;5;2;0;roadside_urban_park;liner_geomem;1;0;0;0;0;0;0;NA;NA;NA;NA;winter;0;excavation;0;50;2;1;2;0;NA;NA;NA;sedicover;0;30;0;0;0;0;0;1;uprooting_and_mowing;0;0;0;0;0;1;0;0;0;0;0;0;1;0;NA;0;0;1;3;NA;edges;01/09/2020;7;8;9;0
36;40;Les Noés 42370;france;46.041;3.852;602;2008;3;eradicate;1;management_trial;0;4;3;1;5;5;3;8;0;0;roadside_riverside;agri_geomem;0;1;0;0;0;0;0;NA;NA;NA;NA;spring;0;uprooting;0;10;2;1;2;1;15;refold;NA;trench_and_sedicover_and_plantations;1;20;1;50;2;2;0;1;mowing;1;0;1;1;0;1;0;0;0;0;0;0;0;1;NA;0;1;0;12;bad;few_nearby;01/07/2020;8;8;8;0
37;41;Contournement de la ville d’Ernée (53) - RD 31  Lieu-dit Le Vahais à ERNEE;france;48.297;-0.940;131;2018;NA;eradicate;1;management_trial;0;7;8;0;5;1;3;7;1;0;roadside;mulching_geotex;0;0;1;1;0;0;0;1400;10;NA;0.42;winter;0;excavation;1;60;2;1;NA;1;50;staples;NA;sedicover;0;30;0;0;0;1;0;1;uprooting;0;0;0;0;0;1;0;1;1;0;0;0;1;1;NA;0;0;1;2;good;few_tarpedarea;01/08/2020;8;9;8;0
38;42;UGINE - 73;france;45.747;6.420;419;2019;3;eradicate_and_limit_dispersal;0;management_trial;0;3;8;1;3;5;2;5;2;3;roadside_riverside;liner_geomem;1;0;0;0;0;0;0;1250;1;NA;30;summer;1;none;0;200;3;0;1;1;50;thermowelding;25;trench_and_sedicover;1;10;1;10;0;0;0;1;uprooting;0;0;0;0;0;1;0;0;0;0;0;0;1;0;NA;0;0;1;1;good;tarpedarea;01/09/2020;5;5;8;0
39;43;Cantal / Velzic;france;45.001;2.552;713;2018;3;eradicate;0;crushing_tarping_trial;0;7;4;1;5;1;8;5;7;0;roadside_grassland;agri_geomem;0;1;0;0;0;0;0;NA;0.6;NA;NA;summer;1;crushing;1;20;2;1;1.2;0;NA;NA;NA;trench;0;2;1;20;2;0;0;1;uprooting;1;0;0;0;1;1;0;0;0;0;0;0;1;0;NA;0;0;1;2;good;edges;01/09/2020;8;10;10;0
1;44;Chalon s/ Saone;france;46.786;4.833;182;2018;10;vigour;0;research_trial;1;2;7;4;4;3;4;3;1;0;wasteland_railway;weed_geotex;0;0;0;0;0;1;0;245;0.65;555;18.5;spring;0;excavation;1;20;3;0;0;1;50;tape_and_staples_and_taped_overlapband;70;heavyobj_and_staples;1;0;0;0;0;0;0;0;none;0;0;0;0;0;1;1;0;0;0;0;0;1;0;NA;0;0;1;3;good;tarpedarea_edges;01/09/2020;NA;NA;NA;NA
40;45;Commune de La Bridoire (73) RD 921E;france;45.525;5.742;269;2016;2;eradicate;0;management_trial;1;4;5;2;1;0;2;5;0;0;roadside_railway;weed_geotex;0;0;0;0;0;1;0;240;0.64;550;18;summer;1;mowing;0;20;1;1;1;1;50;staples;60;sedicover_and_staples;1;2;0;0;0;0;0;1;uprooting;0;0;0;0;0;1;0;0;0;0;0;0;1;0;NA;0;0;1;4;good;none;01/08/2020;8;10;8;1
41;46;Tournus 71700 (Saône et Loire);france;46.562;4.912;177;2015;NA;eradicate_and_limit_expansion_and_limit_dispersal;1;management_trial;0;1;8;0;5;1;3;3;3;0;roadside;unknown_geomem;NA;NA;0;0;0;0;1;NA;NA;NA;NA;spring;0;uprooting;1;150;2;1;0.5;1;NA;NA;45;staples_and_trench_and_plantations;1;0;1;25;0;2;1;1;uprooting_and_mowing_and_crushingshoots;0;0;0;0;0;1;0;0;0;0;1;0;1;0;NA;0;0;1;6;good;edges;01/09/2020;7;9;10;0
42;47;Cerfontaine (Belgique);belgium;50.260;4.025;154;2011;NA;eradicate_and_vigour;1;management_trial;0;1;8;0;2;0;3;5;2;0;roadside_wasteland;truck_tarp;0;0;0;0;0;0;1;640;0.64;NA;NA;winter;0;uprooting;1;100;2;0;0;1;50;overlap;100;staples_and_plantations;1;0;0;0;8;2;1;1;uprooting;0;0;0;0;0;1;0;1;0;1;1;0;1;0;NA;0;0;1;9;good;edges;01/10/2020;7;8;9;0
43;48;Laguiole (Aveyron);france;44.684;2.845;995;2013;NA;eradicate_and_limit_expansion;0;management_trial;0;3;1;0;7;4;2;3;1;0;roadside;unknown_geomem;NA;NA;0;0;0;0;1;NA;NA;NA;NA;spring;0;mowing;0;30;2;1;1;1;30;staples;50;heavyobj_and_sedicover;1;10;0;0;0;0;0;1;uprooting;0;0;0;0;0;1;0;1;0;1;0;0;1;0;NA;0;0;1;7;good;edges;01/09/2020;8;5;8;0
44;49;commune de Bonson. département de la Loire;france;45.523;4.216;380;2014;2;eradicate_and_limit_dispersal;0;management_trial;1;1;4;0;5;1;3;3;1;6;riverside;agri_geomem;0;1;0;0;0;0;0;NA;NA;NA;NA;winter;0;mowing;1;40;2;1;1.8;0;NA;NA;200;staples_and_trench;1;0;1;65;0;0;1;0;none;0;0;0;0;0;1;0;0;0;0;0;0;1;0;none;0;1;0;5;good;none;01/08/2020;10;10;10;1
45;50;Luceney l'éveque / Saone et Loire;france;47.081;4.245;343;2012;10;eradicate_and_limit_expansion_and_limit_dispersal;1;management_trial;0;3;5;0;3;7;2;6;0;10;riverside;woven_geotex;0;0;1;NA;0;0;1;130;0.13;NA;2.5;autumn;0;excavation;1;400;2;1;1;1;10;refold_and_staples;70;staples_and_trench_and_plantations;1;0;1;30;1;2;1;1;uprooting;1;1;0;0;0;0;0;0;0;0;0;0;0;0;NA;0;0;1;8;good;tarpedarea;01/05/2020;9;7;9;0
46;51;Lacanau Gironde;france;44.978;-1.076;18;2013;3;eradicate;1;management_trial;0;3;3;2;5;7;9;3;8;2;riverside;agri_geomem;0;1;0;0;0;0;0;NA;NA;NA;NA;winter;0;uprooting;0;20;2;1;1;1;NA;backfill;NA;trench_and_sedicover;1;8;1;15;2;1;1;1;uprooting_and_mowing_and_crushingshoots;1;0;1;0;0;1;0;0;1;1;0;0;0;1;NA;0;1;0;7;NA;none;01/10/2020;10;10;10;1
47;52;Chantilly 60;france;49.193;2.469;56;2020;2;limit_expansion_and_vigour;1;management_trial;0;3;6;1;0;2;1;3;0;0;riverside;agri_geomem;0;1;0;0;0;0;0;NA;NA;NA;NA;winter;0;mowing;0;6;1;0;0;0;NA;NA;100;staples_and_plantations;1;0;0;0;6;2;0;1;crushingshoots;1;1;0;0;1;1;0;0;0;0;1;0;0;0;NA;0;0;1;0.5;NA;NA;NA;NA;NA;NA;0
48;53;Le Freney d'Oisans (38);france;45.044;6.125;925;2015;5;limit_expansion_and_vigour;1;management_trial;0;3;9;6;8;4;7;5;4;1;riverside;liner_geomem;1;0;0;0;0;0;0;1250;1.02;NA;NA;autumn;0;none;0;30;3;0;1;1;5;glu;NA;heavyobj_and_trench;1;0;1;15;1;0;1;1;crushingshoots_and_uprooting;0;0;0;0;0;1;0;1;0;0;0;0;1;0;NA;0;0;1;5;good;edges_nearby;01/06/2020;4;7;8;0
48;54;Ornon / Hameau du Guillard;france;45.041;5.978;1087;2016;5;eradicate;0;management_trial;0;3;8;5;2;2;2;3;0;0;grassland;liner_geomem;1;0;0;0;0;0;0;1250;1.02;NA;NA;summer;1;uprooting;0;150;2;0;1;1;NA;glu;NA;heavyobj_and_trench;1;0;1;15;0;0;1;1;uprooting;1;0;0;0;1;1;0;0;0;0;0;0;1;0;NA;1;0;0;4;stolen;edges_nearby;01/06/2020;7;7;8;0
49;55;Saint Martin sur le Pré (51520);france;48.971;4.337;82;2014;20;eradicate;1;crushing_tarping_trial;0;3;0;0;1;2;0;0;0;0;riverside;woven_geotex;0;0;1;NA;0;0;1;NA;NA;NA;NA;summer;1;uprooting;0;350;3;1;0;1;40;staples;30;sedicover;1;80;0;0;0;1;0;1;uprooting;0;0;0;0;0;0;0;0;0;0;0;0;0;0;NA;0;0;1;6;NA;nearby;01/10/2020;8;10;8;0
50;56;Lochieu (01);france;45.930;5.728;613;2017;3;eradicate_and_limit_expansion_and_limit_dispersal_and_vigour;0;management_trial;0;6;4;0;4;4;1;2;1;0;roadside_riverside;agri_geomem;0;1;0;0;0;0;0;NA;NA;NA;NA;spring;0;uprooting;0;15;2;1;1;1;NA;staples;NA;staples;0;0;0;0;0;0;0;1;uprooting_and_salting;0;0;0;0;0;1;0;0;0;0;0;0;1;0;NA;0;1;0;0.6;destroyed;tarpedarea_edges;01/10/2020;3;3;5;0
51;57;Port-Brillet. Mayenne;france;48.113;-0.973;131;2016;NA;limit_expansion;0;management_trial;0;1;0;0;5;3;0;3;0;3;riverside;mulching_geotex;0;0;1;1;0;0;0;NA;NA;NA;NA;summer;1;none;0;4;1;1;0;0;NA;NA;50;staples;0;0;0;0;0;0;0;1;uprooting;0;0;0;0;0;0;0;0;0;0;0;0;0;0;tarpedarea_edges;0;1;0;4.5;good;none;01/09/2020;10;10;10;1
52;58;BANASSAC-CANILHAC  - LOZERE/48;france;44.434;3.202;551;2016;1.5;eradicate;0;crushing_tarping_trial;0;1;2;2;7;7;5;3;7;7;riverside;agri_geomem;0;1;0;0;0;0;0;NA;NA;NA;NA;spring;0;crushing;1;100;2;0;0;1;100;overlap;NA;trench_and_sedicover;1;13;1;200;0;0;0;1;uprooting;0;0;0;0;0;0;0;0;0;0;0;0;0;0;NA;0;1;0;5;NA;none;01/06/2020;10;10;10;1
53;59;Vandoeuvre-lès-Nancy (54 Meurthe-et-Moselle);france;48.661;6.174;249;2016;2;limit_expansion_and_vigour;1;research_trial;1;8;8;6;7;4;8;9;6;0;urban_park;agri_geomem;0;1;0;0;0;0;0;NA;0.22;NA;21;winter;0;mowing;0;300;3;0;1;1;100;heavyobj_and_staples;100;heavyobj;0;0;0;0;0;0;0;1;crushingshoots_and_uprooting;0;0;0;0;0;1;0;0;1;0;0;0;0;0;NA;0;1;0;5;good;tarpedarea_edges;01/08/2020;6;9;8;0
54;60;LUNAC (Aveyron);france;44.236;2.110;466;2011;99;limit_expansion_and_limit_dispersal_and_vigour;0;management_trial;0;2;8;3;5;3;4;5;2;8;roadside_riverside;agri_geomem;0;1;0;0;0;0;0;NA;0.15;NA;18;spring;0;none;0;55;2;1;0.5;1;100;overlap;NA;trench;0;0;1;20;0;0;1;1;uprooting;1;0;0;0;0;1;0;0;0;1;0;0;1;0;NA;0;0;1;10;bad;tarpedarea;01/05/2020;5;8;10;0
55;61;Brest 29;france;48.390;-4.486;51;2015;5;eradicate_and_limit_expansion_and_limit_dispersal;0;management_trial;0;7;4;2;5;5;2;5;3;0;grassland;unknown_geomem;NA;NA;0;0;0;0;1;130;NA;NA;NA;autumn;0;mowing;0;50;2;1;2;1;100;overlap;NA;heavyobj_and_sedicover;1;10;0;0;0;0;0;1;uprooting;0;0;0;0;0;1;0;1;1;0;0;0;1;0;NA;0;1;0;5;NA;tarpedarea;NA;6;5;3;0
56;62;Grandsaigne (19);france;45.490;1.918;599;2016;NA;eradicate_and_limit_dispersal;0;management_trial;0;2;9;0;5;2;2;3;1;8;riverside;agri_geomem;0;1;0;0;0;0;0;NA;NA;NA;NA;winter;0;uprooting;0;30;3;0;1.5;0;NA;NA;NA;heavyobj_and_trench;1;0;1;13;0;0;1;1;uprooting_and_mowing;1;0;0;0;1;1;0;0;0;1;0;0;1;0;NA;0;0;1;4.5;NA;edges;01/06/2020;9;7;6;0
57;63;TADEN (22);france;48.470;-2.015;9;2005;1.5;limit_expansion_and_limit_dispersal;1;management_trial;0;3;7;5;3;4;9;4;3;10;riverside;mulching_geotex;0;0;1;1;0;0;0;1000;1;NA;NA;winter;0;uprooting;1;2000;2;0;0;1;5;staples;NA;staples_and_plantations;1;0;0;0;0;2;1;1;crushingshoots_and_uprooting;0;0;0;0;0;1;1;0;0;1;0;0;0;0;NA;0;1;0;1.5;destroyed;few_tarpedarea;01/12/2013;2;5;9;0
58;64;Maulévrier Sainte Gertrude en Seine Maritime;france;49.555;0.722;118;2013;5;limit_expansion;1;management_trial;0;3;1;0;0;1;4;1;0;0;riverside;liner_geomem;1;0;0;0;0;0;0;NA;NA;NA;NA;summer;1;uprooting;1;50;1;1;1;0;NA;NA;60;heavyobj_and_staples;1;0;0;0;0;0;0;1;uprooting;1;0;1;0;0;1;0;0;0;1;0;0;1;1;tarpedarea_edges_nearby;0;1;0;3;destroyed;tarpedarea_edges;01/10/2020;7;10;9;0
59;65;76430 Bois de Tancarville RNN Estuaire de la Seine;france;49.493;0.462;4;2009;2;eradicate;0;management_trial;1;7;3;0;5;5;5;0;6;0;woodland;agri_geomem;0;1;0;0;0;0;0;NA;0.15;NA;NA;spring;1;uprooting;0;100;2;1;1;1;NA;NA;NA;trench_and_sedicover;1;10;1;15;0;0;0;1;uprooting;1;1;1;0;0;1;0;0;0;0;0;1;0;1;tarpedarea_edges_nearby;0;1;0;2;bad;tarpedarea_edges_nearby;01/09/2020;4;9;5;0
60;66;SAINTE SUZANNE ET CHAMMES;france;48.097;-0.349;169;2012;1;eradicate;0;management_trial;0;1;4;0;4;5;4;2;0;8;riverside;unknown_geomem;NA;NA;0;0;0;0;1;NA;NA;NA;NA;spring;0;none;0;6;2;1;1;0;NA;NA;10;staples_and_sedicover;1;10;0;0;0;0;0;0;none;0;0;0;0;0;1;0;0;0;0;0;0;1;0;NA;0;1;0;1;NA;edges_nearby;01/06/2019;NA;NA;NA;0
61;67;Evreux (27);france;49.028;1.152;63;2018;2;limit_expansion_and_limit_dispersal_and_vigour;0;crushing_tarping_trial;0;3;0;0;6;2;2;8;2;7;wasteland_riverside;agri_geomem;0;1;0;0;0;0;0;NA;NA;NA;NA;spring;0;crushing;1;600;2;1;1;1;50;tape;300;heavyobj_and_sedicover;1;40;0;0;2;0;1;1;crushingshoots_and_uprooting;1;1;0;0;0;1;0;0;0;1;0;0;1;0;NA;0;0;1;2;bad;tarpedarea_edges;01/06/2020;8;8;7;0
62;68;st alban ();france;48.558;-2.533;90;2019;5;eradicate_and_limit_expansion;0;management_trial;0;3;10;8;5;5;8;5;8;10;riverside;weed_geotex;0;0;1;0;1;1;0;130;NA;NA;7.5;spring;0;mowing;1;300;2;1;2;1;50;staples;NA;staples_and_heavyobj_and_trench;1;20;1;55;0;0;0;1;uprooting_and_mowing;1;1;0;0;0;1;0;1;1;1;0;0;0;0;NA;0;0;1;2;bad;tarpedarea;01/09/2020;8;9;8;0
63;69;Le havre 76;france;49.494;0.108;7;2004;NA;eradicate_and_limit_expansion_and_limit_dispersal;1;management_trial;0;3;1;8;4;5;2;5;0;2;roadside;mulching_geotex;0;0;1;1;0;0;0;130;NA;2350;14;NA;0;none;1;600;1;1;NA;1;30;staples;50;staples_and_plantations;1;0;0;0;0;2;1;0;none;1;1;1;0;0;1;0;0;0;0;0;0;1;0;tarpedarea_nearby;0;1;0;8;destroyed;tarpedarea_nearby;01/06/2013;5;3;3;0
64;70;Quimper 29000;france;47.998;-4.098;8;2005;NA;limit_expansion_and_limit_dispersal_and_vigour;0;management_trial;0;2;6;5;5;5;7;6;5;10;riverside;unknown_geomem;NA;NA;0;0;0;0;1;NA;NA;NA;NA;spring;0;mowing;0;200;3;1;1;1;50;staples;50;staples_and_trench_and_sedicover;1;10;1;30;1;0;1;1;uprooting_and_mowing;0;0;0;0;0;1;1;1;0;1;0;0;0;0;tarpedarea_edges;0;1;0;10;bad;tarpedarea_edges;01/07/2020;4;4;4;0
65;71;Oullins;france;45.718;4.809;163;2015;5;eradicate;0;management_trial;0;2;8;8;2;0;1;10;2;8;riverside;unknown_geomem;NA;NA;0;0;0;0;1;NA;NA;NA;NA;summer;1;uprooting;0;150;3;1;2;1;50;heavyobj;NA;heavyobj;0;0;0;0;0;0;1;1;crushingshoots;1;1;0;0;0;0;0;0;0;0;0;0;0;0;tarpedarea;0;1;0;5;bad;none;01/08/2020;9;9;10;1
66;72;Brionne (27);france;49.193;0.722;58;2018;10;eradicate_and_limit_expansion_and_vigour;0;management_trial;0;1;5;0;7;0;0;4;3;2;riverside;weed_geotex;0;0;0;0;0;1;0;240;0.64;550;18;summer;1;uprooting;1;150;3;1;0;1;35;tape;NA;skrewed_metalband;0;0;0;0;1;0;0;0;none;0;0;0;0;0;0;0;0;0;0;0;0;0;0;NA;0;0;1;2;good;edges;01/06/2019;4;4;6;0
67;73;Commune de Château Landon en Seine et Marne;france;48.150;2.705;97;2017;99;eradicate_and_limit_expansion_and_limit_dispersal;1;management_trial;0;3;1;0;4;1;1;2;6;4;urban_park_riverside;mulching_geotex;0;0;1;0;0;1;0;125;0.45;1050;7.8;winter;0;mowing;0;90;3;1;1.5;1;NA;NA;NA;trench_and_sedicover;1;20;1;100;0;1;0;1;uprooting;0;0;0;0;0;1;0;0;0;0;1;0;0;0;NA;0;0;1;3;good;tarpedarea;01/09/2020;9;10;9;0
68;74;Bitche;france;49.050;7.427;300;2015;99;eradicate_and_limit_expansion_and_limit_dispersal;0;management_trial;0;2;10;6;1;3;7;2;2;2;urban_park_riverside;unknown_geomem;NA;NA;0;0;0;0;1;NA;NA;NA;NA;spring;0;uprooting;1;40;2;1;1;1;100;staples;50;sedicover_and_staples;1;25;0;0;0;0;0;1;uprooting;0;0;0;0;0;1;0;0;0;0;0;0;1;0;NA;0;0;1;6;NA;none;01/10/2019;8;8;10;1
69;75;Sainte-Gauburge-Sainte-Colombe (61);france;48.717;0.431;237;2018;99;limit_dispersal_and_vigour;1;management_trial;0;0;9;1;0;0;5;10;0;10;wasteland_riverside;unknown_geomem;NA;NA;0;0;0;0;1;NA;NA;NA;NA;autumn;0;mowing;0;1400;3;1;NA;1;NA;NA;100;staples_and_plantations;1;0;0;0;0;2;0;0;none;1;1;0;0;0;0;0;0;0;0;0;0;0;0;NA;0;0;1;2;good;none;01/07/2020;10;10;10;1
70;76;Shannon. QUébec. Canada;canada;46.887;-71.516;196;2017;8;eradicate_and_limit_dispersal;1;management_trial;0;3;2;1;4;7;3;2;5;2;woodland;construction_geotex;0;0;0;0;0;0;1;325;1.6;2300;6.05;autumn;0;uprooting;0;300;2;1;2;1;100;heavyobj;NA;heavyobj_and_plantations;1;0;0;0;2;2;1;1;uprooting;0;0;0;0;0;1;1;0;0;1;1;0;0;0;NA;0;0;1;3;good;tarpedarea_edges;01/11/2020;8;8;8;0
71;77;Venise-en-Québec. Québec. Canada;canada;45.084;-73.149;36;2013;NA;eradicate;1;management_trial;0;1;5;0;5;5;1;3;8;0;woodland;woven_geotex;0;0;1;NA;0;0;1;NA;NA;NA;NA;NA;0;uprooting;0;50;3;1;0.5;1;50;staples;70;heavyobj_and_staples;1;0;0;0;0;0;0;1;uprooting;1;0;1;0;0;1;0;1;1;1;0;0;1;0;NA;0;0;1;7;NA;tarpedarea_edges;01/06/2020;3;6;5;0
72;78;Au Marais de la Rivière aux Cerises. à Magog;canada;45.278;-72.168;212;2013;5;limit_expansion_and_limit_dispersal_and_vigour;0;management_trial;0;9;7;1;5;3;7;7;2;0;wetland;agri_geomem;0;1;0;0;0;0;0;NA;NA;NA;NA;spring;0;uprooting;0;28;1;1;1;1;1;NA;NA;sedicover;0;2;0;0;0;0;1;1;mowing_and_uprooting;1;0;1;0;0;1;0;0;0;1;0;0;1;0;NA;0;0;1;8;bad;few_tarpedarea;01/10/2020;8;8;9;0
73;79;Saint Hilaire de Brethmas;france;44.08;4.125;133;2015;2;limit_expansion_and_limit_dispersal;0;crushing_tarping_trial;1;1;5;8;5;8;8;5;5;5;riverside;mulching_geotex;0;0;0;1;0;0;0;1400;10;NA;NA;summer;1;crushing;1;20;3;1;1.5;1;50;NA;NA;trench_and_sedicover;1;60;1;175;0;0;0;1;uprooting;1;0;1;0;0;1;0;0;0;0;0;0;0;1;NA;0;0;1;5;NA;tarpedarea;01/08/2018;10;9;10;1
74;80;Venise en Québec. Montérégie ;canada;45.088;-73.133;35;2014;99;limit_expansion_and_limit_dispersal_and_vigour;0;management_trial;0;1;5;1;5;5;1;2;8;9;roadside;unknown_geotex;0;0;0;0;0;0;1;NA;NA;NA;NA;autumn;0;none;0;10;2;1;0.5;0;NA;NA;NA;heavyobj_and_staples;1;0;0;0;2;0;1;1;uprooting;1;1;1;0;0;1;1;1;1;1;0;0;1;0;NA;0;1;0;5;bad;tarpedarea_edges;01/07/2019;5;8;8;0
75;81;VIONS 73;france;45.824;5.806;234;2016;99;eradicate;0;management_trial;0;1;3;1;5;5;1;3;0;10;woodland_riverside;unknown_geotex;0;0;0;0;0;0;1;NA;NA;NA;NA;spring;0;mowing;0;300;2;1;2;1;100;staples;100;staples;0;0;0;0;0;0;0;1;crushingshoots_and_uprooting;0;0;0;0;0;1;0;1;0;0;0;0;1;0;NA;0;0;1;5;good;edges;01/10/2020;5;10;7;0
76;82;Compagnie Nationale du Rhône;france;45.967;5.841;286;2011;NA;eradicate_and_limit_expansion_and_vigour;1;management_trial;0;4;6;2;2;3;2;3;1;7;roadside_riverside;pla_geotex;0;0;0;0;1;0;0;200;NA;NA;NA;winter;0;mowing;0;1000;2;1;1.5;1;50;staples;100;plantations_and_staples;1;0;0;0;0;2;0;1;mowing;1;1;0;0;0;1;1;0;0;0;0;0;1;0;NA;0;0;1;9;bad;tarpedarea_edges;01/07/2020;9;8;9;0
76;83;Compagnie National du Rhône;france;45.959;5.832;255;2011;5;eradicate;0;crushing_tarping_trial;0;1;7;0;0;0;0;10;0;0;wasteland;pla_geotex;0;0;0;0;1;0;0;200;NA;NA;NA;NA;NA;crushing;1;980;2;0;0.5;1;100;staples;100;staples_and_trench;1;0;1;50;2;0;1;1;mowing;1;1;1;0;0;1;1;0;0;1;0;0;0;0;tarpedarea;0;1;0;5;good;tarpedarea;01/07/2020;10;10;10;0
1;84;Chalon s/ Saone;france;46.788;4.831;180;2017;10;eradicate_and_limit_expansion_vigour;0;research_trial;0;3;0;1;0;0;2;2;0;0;wasteland_railway;weed_geotex;0;0;0;0;0;1;0;240;0.64;550;18;summer;1;excavation;1;12;2;1;3;1;30;double_tape;NA;trench_and_sedicover;1;10;1;40;0;0;0;0;none;1;0;0;1;0;0;0;0;0;0;0;0;0;0;NA;0;0;1;4;good;none;01/09/2020;10;10;10;1
1;85;Chalon s/ Saone;france;46.787;4.833;179;2017;10;limit_expansion_vigour;0;research_trial;0;3;0;1;1;0;2;3;7;0;wasteland_railway;weed_geotex;0;0;0;0;0;1;0;240;0.64;550;18;summer;1;excavation;1;7;2;0;2;1;20;double_tape;NA;skrewed_metalband_and_trench_and_sedicover;1;10;1;40;0;0;0;0;none;0;0;0;0;0;1;0;0;1;0;0;0;1;0;NA;0;0;1;4;good;edges;01/09/2020;5;5;6;0
1;86;Chalon s/ Saone;france;46.786;4.833;179;2017;10;eradicate_and_limit_expansion_vigour;0;research_trial;0;3;0;1;2;0;2;3;6;0;wasteland_railway;weed_geotex;0;0;0;0;0;1;0;240;0.64;550;18;summer;1;excavation;1;17;2;1;3;1;25;double_tape;NA;trench_and_sedicover;1;10;1;40;0;0;0;0;none;1;0;0;1;0;1;0;1;0;0;0;1;0;0;NA;0;0;1;4;good;tarpedarea;01/09/2020;8;8;5;0
1;87;Chalon s/ Saone;france;46.786;4.833;179;2017;10;eradicate_and_limit_expansion_vigour;0;research_trial;0;3;1;1;0;0;2;3;1;0;wasteland_railway;weed_geotex;0;0;0;0;0;1;0;240;0.64;550;18;summer;1;excavation;1;45;3;1;2;1;20;double_tape;NA;trench_and_sedicover;1;10;1;40;0;0;0;0;none;0;0;0;0;0;0;0;0;0;0;0;0;0;0;NA;0;0;1;4;good;none;01/09/2020;10;10;10;1
1;89;Chalon s/ Saone;france;46.785;4.836;179;2017;10;eradicate_and_limit_expansion_vigour;0;research_trial;0;3;1;0;4;0;1;2;8;0;wasteland_railway;weed_geotex;0;0;0;0;0;1;0;240;0.64;550;18;summer;1;excavation;1;16;2;1;0;0;NA;NA;NA;skrewed_metalband_and_trench_and_sedicover;1;10;1;40;0;0;0;0;none;1;1;0;1;0;1;0;0;1;0;0;1;1;0;NA;0;0;1;4;good;tarpedarea_edges;01/09/2020;6;6;6;0
1;90;Chalon s/ Saone;france;46.785;4.836;179;2017;10;eradicate_and_limit_expansion_vigour;0;research_trial;0;3;0;0;2;0;1;2;8;0;wasteland_railway;weed_geotex;0;0;0;0;0;1;0;240;0.64;550;18;summer;1;excavation;1;28;2;1;0;0;NA;NA;NA;skrewed_metalband_and_trench_and_sedicover;1;10;1;40;0;0;0;0;none;1;1;0;1;0;1;0;0;1;0;0;1;1;1;NA;0;0;1;4;good;tarpedarea_edges;01/09/2020;2;4;5;0
1;91;Chalon s/ Saone;france;46.785;4.836;179;2017;10;eradicate_and_limit_expansion_vigour;0;research_trial;0;3;1;1;3;2;2;3;4;0;wasteland_railway;weed_geotex;0;0;0;0;0;1;0;240;0.64;550;18;summer;1;excavation;1;38;3;1;1;1;20;double_tape;NA;trench_and_sedicover;1;10;1;40;0;0;0;0;none;1;0;0;1;0;1;0;0;0;0;0;1;0;0;NA;0;0;1;4;good;tarpedarea;01/09/2020;8;8;7;0
1;92;Chalon s/ Saone;france;46.785;4.838;179;2017;10;limit_expansion_vigour;0;research_trial;0;3;1;0;0;0;1;2;7;0;wasteland_railway;weed_geotex;0;0;0;0;0;1;0;240;0.64;550;18;summer;1;excavation;1;24;2;0;1;0;NA;NA;NA;skrewed_metalband_and_trench_and_sedicover;1;10;1;40;0;0;0;0;none;1;1;0;1;0;1;0;0;1;0;0;1;1;0;NA;0;0;1;4;good;tarpedarea_edges;01/09/2020;1;3;4;0
1;93;Sennecey-le-grand;france;46.632;4.881;196;2017;NA;limit_expansion_vigour;0;management_trial;0;3;2;4;3;2;2;2;9;0;railway;weed_geotex;0;0;0;0;0;1;0;240;0.64;550;18;summer;1;excavation;1;205;3;0;2;1;50;double_tape;NA;skrewed_metalband_and_trench_and_sedicover;1;15;1;40;0;0;0;1;spraying;1;1;0;0;0;1;0;0;1;0;0;0;1;0;NA;0;0;1;4;good;tarpedarea_edges;01/09/2020;6;5;4;0
1;94;Chalon s/ Saone;france;46.788;4.831;180;2018;10;vigour;0;research_trial;1;3;0;0;1;1;2;2;1;0;wasteland_railway;weed_geotex;0;0;0;0;0;1;0;245;0.65;555;18.5;spring;0;excavation;1;32.5;3;0;0;1;50;double_tape;NA;trench_and_sedicover;1;10;1;10;0;0;0;0;none;0;0;0;0;0;0;0;0;0;0;0;0;1;0;NA;0;0;1;3;good;edges;01/09/2020;NA;NA;NA;NA
1;94;Chalon s/ Saone;france;46.788;4.831;180;2018;10;vigour;0;research_trial;1;3;0;0;1;1;2;2;1;0;wasteland_railway;weed_geotex;0;0;0;0;0;1;0;245;0.65;555;18.5;spring;0;excavation;1;32.5;3;0;0;1;100;overlap;NA;trench_and_sedicover;1;10;1;10;0;0;0;0;none;0;0;0;0;0;0;0;0;0;0;0;0;1;0;NA;0;0;1;3;good;edges;01/09/2020;NA;NA;NA;NA
1;94;Chalon s/ Saone;france;46.788;4.831;180;2018;10;vigour;0;research_trial;1;3;0;0;1;1;2;2;1;0;wasteland_railway;weed_geotex;0;0;0;0;0;1;0;245;0.65;555;18.5;spring;0;excavation;1;32.5;3;0;0;1;10;thermowelding;NA;trench_and_sedicover;1;10;1;10;0;0;0;0;none;0;0;0;0;0;0;0;0;0;0;0;0;1;0;NA;0;0;1;3;good;edges;01/09/2020;NA;NA;NA;NA
1;95;Chalon s/ Saone;france;46.786;4.833;182;2018;10;vigour;0;research_trial;1;2;7;4;4;3;4;3;1;0;wasteland_railway;weed_geotex;0;0;0;0;0;1;0;245;0.65;555;18.5;spring;0;excavation;1;20;3;0;0;1;50;staples_and_tape_and_taped_overlapband;70;spikes_and_taped_patches;1;0;0;0;0;0;0;0;none;1;0;1;1;0;1;0;0;0;1;0;0;1;0;NA;0;0;1;3;good;tarpedarea_edges;01/09/2020;NA;NA;NA;NA
1;95;Chalon s/ Saone;france;46.786;4.833;182;2018;10;vigour;0;research_trial;1;2;7;4;4;3;4;3;1;0;wasteland_railway;weed_geotex;0;0;0;0;0;1;0;245;0.65;555;18.5;spring;0;excavation;1;20;3;0;0;1;50;staples_and_tape_and_taped_overlapband;70;glued_spikes;1;0;0;0;0;0;0;0;none;0;0;0;0;0;0;0;0;0;0;0;0;1;0;NA;0;0;1;3;good;edges;01/09/2020;NA;NA;NA;NA
1;95;Chalon s/ Saone;france;46.786;4.833;182;2018;10;vigour;0;research_trial;1;2;7;4;4;3;4;3;1;0;wasteland_railway;weed_geotex;0;0;0;0;0;1;0;245;0.65;555;18.5;spring;0;excavation;1;20;3;0;0;1;50;staples_and_tape_and_taped_overlapband;70;staples_and_taped_patches;1;0;0;0;0;0;0;0;none;0;0;0;0;0;0;0;0;0;0;0;0;1;0;NA;0;0;1;3;good;edges;01/09/2020;NA;NA;NA;NA
1;96;Chalon s/ Saone;france;46.784;4.837;179;2018;10;vigour;0;research_trial;1;2;0;1;1;0;2;2;1;0;wasteland_railway;weed_geotex;0;0;0;0;0;1;0;245;0.65;555;18.5;spring;0;excavation;1;20;3;0;0;1;15;staples_and_thermowelding;70;spikes_and_taped_patches;1;0;0;0;0;0;0;0;none;0;0;0;0;0;0;0;0;0;0;0;0;1;0;NA;0;0;1;3;good;edges;01/09/2020;NA;NA;NA;NA
1;96;Chalon s/ Saone;france;46.784;4.837;179;2018;10;vigour;0;research_trial;1;2;0;1;1;0;2;2;1;0;wasteland_railway;weed_geotex;0;0;0;0;0;1;0;245;0.65;555;18.5;spring;0;excavation;1;20;3;0;0;1;15;staples_and_thermowelding;70;staples;1;0;0;0;0;0;0;0;none;0;0;0;0;0;1;1;0;0;0;0;0;1;0;NA;0;0;1;3;good;edges;01/09/2020;NA;NA;NA;NA
1;96;Chalon s/ Saone;france;46.784;4.837;179;2018;10;vigour;0;research_trial;1;2;0;1;1;0;2;2;1;0;wasteland_railway;weed_geotex;0;0;0;0;0;1;0;245;0.65;555;18.5;spring;0;excavation;1;20;3;0;0;1;15;staples_and_thermowelding;70;glued_spikes;1;0;0;0;0;0;0;0;none;0;0;0;0;0;0;0;0;0;0;0;0;1;0;NA;0;0;1;3;good;edges;01/09/2020;NA;NA;NA;NA
1;96;Chalon s/ Saone;france;46.784;4.837;179;2018;10;vigour;0;research_trial;1;2;0;1;1;0;2;2;1;0;wasteland_railway;weed_geotex;0;0;0;0;0;1;0;245;0.65;555;18.5;spring;0;excavation;1;20;3;0;0;1;15;staples_and_thermowelding;70;staples_and_taped_patches;1;0;0;0;0;0;0;0;none;1;0;0;1;0;0;0;0;0;0;0;0;1;0;NA;0;0;1;3;good;edges;01/09/2020;NA;NA;NA;NA
77;E1;Chilliwack. BC;canada;49.156;-121.951;10;2015;99;eradicate_and_limit_expansion;0;construction_work;0;10;5;0;0;0;3;3;0;0;roadside;liner_geomem;1;0;0;0;0;0;0;922;1.04;NA;4.01;summer;0;spraying;0;90;3;1;1;1;NA;NA;NA;trench_and_sedicover;1;27;1;120;0;0;0;0;none;0;0;0;0;0;0;0;0;0;0;0;0;0;0;NA;0;0;1;5;good;edges;01/11/2020;10;10;10;1
78;E2;Fredericton;canada;45.958;-66.646;26;2017;20;eradicate_and_limit_expansion_and_limit_dispersal_and_vigour;0;management_trial;0;3;8;0;5;5;8;5;8;3;woodland;agri_geomem;0;1;0;0;0;0;0;NA;0.15;NA;NA;summer;1;none;0;200;2;1;5;1;15;staples;NA;heavyobj_and_sedicover;1;3;0;0;3;0;1;1;uprooting;1;0;1;0;0;1;0;0;1;1;0;0;1;0;NA;0;0;1;3;good;tarpedarea_edges;01/08/2020;7;9;9;0
79;E3;USA/Masachusetts/Lexington;usa;42.446;-71.225;67;2005;2;eradicate_and_limit_expansion;1;management_trial;1;1;8;2;1;1;1;5;5;0;railway;unknown_geomem;NA;NA;0;0;0;0;1;NA;0.25;NA;NA;spring;0;none;0;232;2;0;0;1;45;heavyobj;NA;heavyobj;0;0;0;0;0;1;1;1;mowing_and_uprooting;1;1;1;0;0;1;0;1;0;1;0;0;1;1;edges_nearby;0;1;0;4;bad;tarpedarea_edges_nearby;01/03/2015;3;6;5;0
80;E4;Jessnitz. Saxony-Anhalt;germany;51.680;12.274;73;2005;3;eradicate;1;management_trial;0;3;1;2;1;2;2;3;1;10;urban_park;weed_geotex;0;0;0;0;0;1;0;240;0.64;550;18;summer;1;none;0;400;3;1;1.5;1;25;tape;NA;trench_and_sedicover;1;15;1;100;0;1;0;0;none;0;0;0;0;0;0;0;0;0;0;0;0;0;0;NA;0;1;0;5;unknown;none;01/09/2020;10;10;10;1
81;E5;Swansea. UK;uk;51.671;-3.901;12;2012;99;eradicate_and_limit_expansion_and_limit_dispersal_and_vigour;0;research_trial;1;4;1;3;2;4;1;3;0;6;riverside;liner_geomem;1;0;0;0;0;0;0;276;0.3;NA;24.7;spring;0;mowing;0;225;3;0;0;1;100;heavyobj;NA;heavyobj;0;0;0;0;0;0;1;1;crushingshoots_and_uprooting;1;0;1;1;0;1;0;0;0;1;0;0;1;1;tarpedarea_edges_nearby;0;1;0;3;good;tarpedarea_edges_nearby;01/08/2016;0;2;2;0
82;E6;I have several tarping projects. one in Boscawen. two in Meridith. one in Laconia. and one in Rye. All in New Hampshire. USA.;usa;43.648;-71.499;163;2016;5;eradicate_and_limit_dispersal;0;management_trial;1;1;2;2;3;1;5;3;1;0;roadside_woodland;mixed;0;0;1;NA;0;1;1;NA;0.18;NA;NA;NA;0;none;0;74;2;1;3;1;15;overlap;NA;sedicover;0;10;0;0;4;0;1;1;NA;1;0;1;0;0;1;0;0;0;1;0;0;0;1;NA;0;0;1;4.5;good;none;01/08/2019;10;10;10;1
83;E7;Buffalo. NY;usa;42.887;-78.879;179;2011;99;eradicate;1;management_trial;1;1;2;0;3;2;3;3;7;1;wasteland;unknown_geotex;0;0;1;NA;0;0;1;NA;NA;NA;NA;NA;0;mowing;1;1850;3;0;0.4;1;NA;NA;NA;sedicover_and_plantations;1;5;0;0;0;2;0;1;spraying;1;0;0;0;0;1;1;1;1;1;1;0;1;1;tarpedarea_edges_nearby;0;1;0;4;bad;tarpedarea_edges_nearby;01/06/2020;3;8;3;0
84;E8;Canada/Quebec/Granby;canada;45.399;-72.722;104;2015;7;eradicate_and_limit_expansion_and_limit_dispersal;0;management_trial;0;1;2;1;7;7;1;2;8;0;wasteland;construction_geomem;0;0;0;0;0;0;1;456;0.48;178;0.002;summer;1;uprooting;0;6;2;1;2;1;40;tape_and_heavyobj;NA;heavyobj_and_trench_and_sedicover;1;10;1;30;0;0;0;1;uprooting;1;0;0;0;0;1;0;1;0;0;0;0;0;0;NA;0;0;1;5.5;good;none;01/10/2020;8;10;9;1
85;E9;Slovenia. Bled. Radovna;slovenia;46.389;14.083;592;2016;3;eradicate;0;management_trial;0;12;0;1;0;0;0;3;0;0;grassland;construction_geotex;0;0;1;0;0;0;1;200;NA;NA;NA;autumn;0;mowing;0;350;3;1;1;1;20;heavyobj;NA;heavyobj_and_sedicover;1;1;0;0;0;0;1;1;crushingshoots;0;0;0;0;0;1;0;1;0;0;0;0;0;0;none;0;1;0;3;good;none;01/08/2020;10;10;10;1
86;E10;USA/NY/Watkins Glen;usa;42.381;-76.870;141;2010;3;eradicate;0;management_trial;0;2;2;2;0;3;5;4;3;6;riverside;liner_geomem;1;0;0;0;0;0;0;NA;0.2;NA;NA;summer;1;mowing;0;111;2;1;1;1;NA;NA;NA;heavyobj;0;0;0;0;2;0;NA;NA;NA;1;1;1;0;0;1;0;1;1;1;0;1;0;0;NA;0;1;0;1.5;destroyed;tarpedarea;01/06/2020;0;0;0;0
87;E11;Nederland. Esbeek Landgoed De Utrecht ;netherlands;52.080;5.128;3;2012;2;eradicate_and_limit_expansion;0;management_trial;0;1;2;5;6;10;1;0;0;5;roadside_riverside;construction_geotex;0;0;1;0;0;0;1;NA;1.7;2750;14.5;summer;1;mowing;1;100;3;0;5;1;100;overlap;NA;heavyobj_and_trench_and_sedicover;1;30;1;30;0;0;1;0;none;0;0;0;0;0;0;0;0;0;0;0;0;0;0;edges;0;1;0;5;good;tarpedarea;01/06/2020;6;6;5;0
88;E12;US/NY/Depew;usa;42.902;-78.696;202;2015;2;eradicate_and_limit_expansion;0;management_trial;0;1;4;7;2;3;10;10;4;10;wetland;unknown;NA;NA;NA;NA;NA;NA;1;NA;NA;NA;NA;spring;0;mowing;1;9;2;1;0.2;0;NA;NA;NA;heavyobj;0;0;0;0;NA;0;0;0;none;NA;NA;NA;NA;NA;1;0;0;0;0;0;0;1;0;NA;0;0;1;6;good;edges;01/10/2020;7;8;9;0
89;E13;August 2020;usa;45.892;-123.981;11;2020;45;eradicate;0;management_trial;0;4;6;2;8;1;3;3;4;1;roadside;unknown_geotex;0;0;NA;NA;NA;0;1;NA;NA;NA;NA;spring;0;excavation;1;30;1;1;1;1;NA;thermowelding;80;staples_and_heavyobj;1;0;0;0;0;0;1;1;uprooting;0;0;0;0;0;1;0;1;0;0;0;0;0;0;NA;0;0;1;0.5;NA;NA;NA;NA;NA;NA;0
90;E14;Sevier County TN;usa;33.986;-94.244;324;2019;99;eradicate_and_limit_dispersal;0;management_trial;0;0;7;1;0;1;3;6;3;0;roadside;unknown_geomem;0;0;0;0;0;0;1;NA;NA;NA;NA;summer;1;none;0;20;1;1;0;1;NA;overlap;NA;heavyobj;0;0;0;0;1;0;0;0;none;NA;NA;NA;NA;NA;NA;NA;NA;NA;NA;NA;NA;NA;NA;tarpedarea_edges;0;1;0;0.5;good;tarpedarea_edges;NA;NA;NA;NA;0
91;E15;Algonquin island. Toronto. Ontario. Canada;canada;43.627;-79.360;80;2018;10;eradicate;0;management_trial;0;15;5;5;3;2;5;5;9;8;garden;unknown_geomem;NA;NA;0;0;0;0;1;NA;NA;NA;NA;spring;0;excavation;1;3;3;1;0.3;1;12;heavyobj;NA;heavyobj_and_trench;1;0;1;90;4;0;1;1;crushingshoots_and_uprooting;1;0;1;1;0;1;0;0;0;1;0;0;1;0;NA;0;0;1;3;bad;tarpedarea_edges;01/11/2020;5;10;8;0
92;E16;Hamilton. Ontario;canada;43.256;-79.873;106;2017;1;eradicate_and_limit_expansion_and_limit_dispersal_and_vigour;0;management_trial;0;5;0;0;1;1;0;5;0;0;garden;construction_geomem;0;0;0;0;0;0;1;NA;NA;NA;NA;spring;0;uprooting;0;1.5;2;1;0.3;0;NA;NA;NA;heavyobj;0;0;0;0;0;0;0;1;uprooting;1;1;0;0;0;1;0;0;0;0;0;0;0;0;tarpedarea_edges;1;0;0;0.3;good;tarpedarea_edges;NA;NA;NA;NA;0
93;E17;USA/Michigan/Houghton;usa;47.120;-88.869;211;2017;99;eradicate;0;management_trial;0;10;1;0;3;0;3;6;10;7;roadside_wasteland;mixed;1;0;1;0;0;0;1;NA;NA;NA;NA;summer;1;none;0;2000;3;0;0;1;NA;NA;NA;heavyobj;0;0;0;0;10;0;0;1;mowing;1;0;1;0;0;1;0;0;1;1;0;0;1;1;edges_nearby;0;1;0;2;bad;edges_nearby;01/08/2020;1;3;10;0
94;E18;Cumberland/Maine/South Portland;usa;43.641;-70.241;13;2015;1;eradicate_and_limit_dispersal;1;management_trial;0;15;6;3;1;2;3;5;3;7;wasteland_wetland;mixed;1;0;1;0;0;0;1;NA;NA;NA;NA;summer;1;mowing;0;1800;3;1;0.65;1;60;overlap;NA;sedicover_and_plantations;1;8;0;0;1;2;1;1;uprooting_and_mowing_and_crushingshoots;1;1;0;0;0;1;0;1;1;1;0;0;0;1;edges;0;1;0;2;bad;few_edges;01/10/2020;8;10;9;0
95;E19;London;uk;51.507;-0.128;18;2017;99;limit_dispersal;0;research_trial;0;1;0;4;3;2;2;3;0;3;garden;weed_geotex;0;0;0;0;0;1;1;NA;NA;3000;15;spring;0;excavation;1;120;3;1;1;1;30;thermowelding;NA;trench_and_sedicover;1;30;1;100;0;0;0;0;none;0;0;0;0;0;0;0;0;0;0;0;0;0;0;NA;0;0;1;3.5;good;none;01/07/2020;10;10;10;1
96;E20;South Portland, Maine;usa;43.641;-70.241;22;2019;3;limit_expansion_and_limit_dispersal_and_vigour;0;management_trial;0;4;2;1;6;8;3;6;5;5;urban_park;woven_geotex;0;0;1;0;0;1;0;169;NA;NA;NA;autumn;0;grazing;0;1021.9;3;0;0.35;1;30;backfill;NA;sedicover;0;10;0;0;1;0;NA;1;uprooting;0;0;0;0;0;1;0;1;0;0;0;0;1;0;NA;0;0;1;1;good;edges;16/11/2020;8;8;8;0